{
  "5": {
    "0.1": {
      "0.01": {
        "Total value": 4900.443640000006,
        "ROI": 0.9800887280000011,
        "Spending Money": 4029.579440000006,
        "Savings": 15.814199999999996,
        "Shares value": 855.05
      },
      "0.1": {
        "Total value": 3803.67664,
        "ROI": 0.760735328,
        "Spending Money": 578.3900399999997,
        "Savings": 88.4766,
        "Shares value": 3136.81
      },
      "0.25": {
        "Total value": 2129.9258500000005,
        "ROI": 0.42598517000000014,
        "Spending Money": 18.077350000000585,
        "Savings": 90.58850000000007,
        "Shares value": 2021.26
      },
      "0.5": {
        "Total value": 866.7837900000003,
        "ROI": 0.17335675800000006,
        "Spending Money": 0.3033900000002888,
        "Savings": 64.27439999999997,
        "Shares value": 802.206
      }
    },
    "0.25": {
      "0.01": {
        "Total value": 4901.012060000003,
        "ROI": 0.9802024120000006,
        "Spending Money": 4011.5113100000026,
        "Savings": 39.78474999999999,
        "Shares value": 849.716
      },
      "0.1": {
        "Total value": 3962.712039999999,
        "ROI": 0.7925424079999998,
        "Spending Money": 621.1390399999987,
        "Savings": 216.9219999999999,
        "Shares value": 3124.651
      },
      "0.25": {
        "Total value": 2144.078759999999,
        "ROI": 0.4288157519999998,
        "Spending Money": 17.46850999999902,
        "Savings": 219.66324999999986,
        "Shares value": 1906.9470000000001
      },
      "0.5": {
        "Total value": 841.1924100000006,
        "ROI": 0.1682384820000001,
        "Spending Money": 0.212910000000476,
        "Savings": 146.79250000000002,
        "Shares value": 694.187
      }
    },
    "0.5": {
      "0.01": {
        "Total value": 4898.70152,
        "ROI": 0.9797403039999999,
        "Spending Money": 3976.48952,
        "Savings": 78.8019999999999,
        "Shares value": 843.4100000000001
      },
      "0.1": {
        "Total value": 3773.448710000001,
        "ROI": 0.7546897420000002,
        "Spending Money": 521.1687100000012,
        "Savings": 420.86899999999986,
        "Shares value": 2831.411
      },
      "0.25": {
        "Total value": 2180.4425600000013,
        "ROI": 0.43608851200000026,
        "Spending Money": 15.911060000001953,
        "Savings": 426.5674999999994,
        "Shares value": 1737.964
      },
      "0.5": {
        "Total value": 975.2993300000003,
        "ROI": 0.19505986600000005,
        "Spending Money": 0.24283000000043514,
        "Savings": 285.7144999999998,
        "Shares value": 689.342
      }
    }
  },
  "10": {
    "0.1": {
      "0.01": {
        "Total value": 4496.620259999997,
        "ROI": 0.8993240519999994,
        "Spending Money": 3704.760659999997,
        "Savings": 6.4515999999999964,
        "Shares value": 785.408
      },
      "0.1": {
        "Total value": 1856.8833599999994,
        "ROI": 0.37137667199999985,
        "Spending Money": 261.2996599999989,
        "Savings": 22.168699999999987,
        "Shares value": 1573.4150000000002
      },
      "0.25": {
        "Total value": 894.1171299999991,
        "ROI": 0.1788234259999998,
        "Spending Money": 4.756329999999066,
        "Savings": 28.74479999999997,
        "Shares value": 860.616
      },
      "0.5": {
        "Total value": 2140.488,
        "ROI": 0.42809759999999997,
        "Spending Money": 3.396299999999512,
        "Savings": 69.1467,
        "Shares value": 2067.945
      }
    },
    "0.25": {
      "0.01": {
        "Total value": 4496.402109999999,
        "ROI": 0.8992804219999998,
        "Spending Money": 3696.1361099999986,
        "Savings": 16.11399999999999,
        "Shares value": 784.152
      },
      "0.1": {
        "Total value": 1871.918739999999,
        "ROI": 0.3743837479999998,
        "Spending Money": 258.82398999999896,
        "Savings": 56.32674999999995,
        "Shares value": 1556.768
      },
      "0.25": {
        "Total value": 908.4253499999999,
        "ROI": 0.18168506999999998,
        "Spending Money": 4.619599999999894,
        "Savings": 71.03974999999994,
        "Shares value": 832.7660000000001
      },
      "0.5": {
        "Total value": 2159.5356499999984,
        "ROI": 0.4319071299999997,
        "Spending Money": 3.1123999999986762,
        "Savings": 169.72824999999997,
        "Shares value": 1986.695
      }
    },
    "0.5": {
      "0.01": {
        "Total value": 4496.592180000001,
        "ROI": 0.8993184360000002,
        "Spending Money": 3683.7031800000004,
        "Savings": 32.16600000000004,
        "Shares value": 780.723
      },
      "0.1": {
        "Total value": 1695.0210299999999,
        "ROI": 0.339004206,
        "Spending Money": 225.61502999999996,
        "Savings": 112.12399999999973,
        "Shares value": 1357.2820000000002
      },
      "0.25": {
        "Total value": 938.8084000000002,
        "ROI": 0.18776168000000004,
        "Spending Money": 4.351400000000323,
        "Savings": 140.41199999999986,
        "Shares value": 794.0450000000001
      },
      "0.5": {
        "Total value": 2185.9118100000005,
        "ROI": 0.4371823620000001,
        "Spending Money": 2.774310000000663,
        "Savings": 332.8174999999999,
        "Shares value": 1850.32
      }
    }
  },
  "15": {
    "0.1": {
      "0.01": {
        "Total value": 4471.452320000001,
        "ROI": 0.8942904640000002,
        "Spending Money": 3825.819120000001,
        "Savings": 2.1852,
        "Shares value": 643.448
      },
      "0.1": {
        "Total value": 1601.4380100000008,
        "ROI": 0.32028760200000017,
        "Spending Money": 319.0409100000009,
        "Savings": 9.265100000000013,
        "Shares value": 1273.132
      },
      "0.25": {
        "Total value": 269.57109999999983,
        "ROI": 0.053914219999999964,
        "Spending Money": 3.332599999999834,
        "Savings": 7.33650000000001,
        "Shares value": 258.902
      },
      "0.5": {
        "Total value": 11.299230000000074,
        "ROI": 0.002259846000000015,
        "Spending Money": 0.1697300000000764,
        "Savings": 4.2235000000000005,
        "Shares value": 6.906
      }
    },
    "0.25": {
      "0.01": {
        "Total value": 4471.498340000002,
        "ROI": 0.8942996680000004,
        "Spending Money": 3822.9713400000014,
        "Savings": 5.459999999999985,
        "Shares value": 643.067
      },
      "0.1": {
        "Total value": 1605.4830500000005,
        "ROI": 0.3210966100000001,
        "Spending Money": 316.85880000000054,
        "Savings": 23.124249999999968,
        "Shares value": 1265.5
      },
      "0.25": {
        "Total value": 319.14518999999984,
        "ROI": 0.06382903799999996,
        "Spending Money": 3.8241899999998465,
        "Savings": 18.73400000000001,
        "Shares value": 296.587
      },
      "0.5": {
        "Total value": 18.399040000000014,
        "ROI": 0.0036798080000000027,
        "Spending Money": 0.1657900000000133,
        "Savings": 10.559249999999999,
        "Shares value": 7.674
      }
    },
    "0.5": {
      "0.01": {
        "Total value": 4471.535400000003,
        "ROI": 0.8943070800000007,
        "Spending Money": 3819.216900000003,
        "Savings": 10.900500000000005,
        "Shares value": 641.418
      },
      "0.1": {
        "Total value": 1649.1260300000013,
        "ROI": 0.32982520600000026,
        "Spending Money": 320.8700300000012,
        "Savings": 47.11100000000016,
        "Shares value": 1281.145
      },
      "0.25": {
        "Total value": 332.8467900000001,
        "ROI": 0.06656935800000002,
        "Spending Money": 3.7507900000000514,
        "Savings": 37.36700000000008,
        "Shares value": 291.729
      },
      "0.5": {
        "Total value": 32.89821999999981,
        "ROI": 0.006579643999999962,
        "Spending Money": 0.15271999999982208,